order_id,order_date,channel,region,units,unit_price,order_total,delivery_days,discount_pct
ORD-1001,2024-01-08,Retail ,North,8,23.98,191.84,3,10.0
ORD-1002,2024-01-17,Retail,South,10,21.30,213.00,5,5.0
ORD-1003,2024-01-25,Retail,East,11,24.17,265.87,2,0.0
ORD-1004,2024-02-08,Online,West,16,32.72,523.52,5,10.0
ORD-1004,2024-02-08,Online,West,16,32.72,523.52,5,10.0
ORD-1005,2024-02-17,Online,North,8,26.91,215.28,,10.0
ORD-1006,2024-02-25,Online,South,10,23.82,238.20,3,0.0
ORD-1007,2024-03-08,Online,East,10,27.46,274.60,2,pending
ORD-1008,2024-03-17,Retail,West,11,30.83,339.13,5,15.0
ORD-1009,2024-03-25,Online,North,9,24.78,223.02,19,5.0
ORD-1010,2024-04-08,online,South,11,25.12,276.32,2,5.0
ORD-1011,2024-04-17,Retail,East,13,29.73,386.49,5,5.0
ORD-1012,2024-04-25,Online,West,12,25.75,309.00,,5.0
ORD-1013,2024-05-08,Retail,North,10,27.74,277.40,5,0.0
ORD-1014,2024-05-17,Retail ,South,12,22.80,273.60,6,10.0
ORD-1015,2024-05-25,Online,East,9,27.74,249.66,2,0.0
ORD-1016,2024-06-08,Online,West,11,27.65,304.15,5,10.0
ORD-1017,2024-06-17,Online,North,8,23.72,189.76,6,5.0
ORD-1018,2024-06-25,Online,South,13,24.20,314.60,2,pending
ORD-1019,2024-07-08,Retail,East,14,24.26,339.64,4,10.0
ORD-1020,2024-07-17,Partner,West,17,26.72,454.24,,10.0
ORD-1021,2024-07-25,Retail,North,10,22.22,222.20,2,10.0
ORD-1022,2024-08-08,Retail,South,13,27.27,354.51,2,10.0
ORD-1023,2024-08-17,Online,East,12,24.39,292.68,5,5.0
ORD-1023,2024-08-17,Online,East,12,24.39,292.68,5,5.0
ORD-1024,2024-08-25,Online,West,12,32.00,384.00,6,5.0
ORD-1025,2024-09-08,Online,North,9,28.29,254.61,2,0.0
ORD-1026,2024-09-17, Online,South,13,22.51,292.63,3,0.0
ORD-1027,2024-09-25,Online,East,13,30.80,400.40,,10.0
ORD-1028,2024-10-08,Partner,West,16,28.51,456.16,2,5.0
ORD-1029,2024-10-17,Retail ,North,7,22.19,155.33,4,10.0
ORD-1030,2024-10-25,Retail,South,10,25.24,252.40,3,0.0
ORD-1031,2024-11-08,Retail,East,11,24.24,266.64,23,10.0
ORD-1032,2024-11-17,Online,West,17,25.68,436.56,3,10.0
ORD-1033,2024-11-25,Retail ,North,10,22.96,229.60,6,10.0
ORD-1034,2024-12-08,Partner,South,10,24.22,242.20,,0.0
ORD-1035,2024-12-17,Partner,East,15,27.81,417.15,3,0.0
ORD-1036,2024-12-25,Retail ,West,14,33.34,466.76,5,pending
ORD-1037,2025-01-08,Online,North,7,27.50,192.50,2,10.0
ORD-1038,2025-01-17,Retail,South,12,23.60,283.20,3,15.0
ORD-1039,2025-01-25,Online,East,14,29.18,408.52,3,10.0
ORD-1040,2025-02-08,Online,West,19,31.52,598.88,3,15.0
ORD-1041,2025-02-17,Partner,North,10,23.13,231.30,3,15.0
ORD-1042,2025-02-25,Partner,South,13,21.64,281.32,,0.0
ORD-1043,2025-03-08,Online,East,12,29.70,356.40,3,0.0
ORD-1044,2025-03-17,Online,West,13,25.80,335.40,3,5.0
ORD-1045,2025-03-25,Online,North,11,28.04,308.44,2,5.0
ORD-1045,2025-03-25,Online,North,11,28.04,308.44,2,5.0
ORD-1046,2025-04-08,Retail,South,11,27.15,298.65,5,0.0
ORD-1047,2025-04-17,Retail,East,12,25.55,306.60,3,0.0
ORD-1048,2025-04-25,online,West,19,29.50,560.50,29,5.0
ORD-1049,2025-05-08,Partner,North,11,24.18,265.98,2,10.0
ORD-1050,2025-05-17,Partner,South,13,27.27,354.51,4,0.0
ORD-1051,2025-05-25,Retail,East,16,24.35,389.60,,0.0
ORD-1052,2025-06-08,Online,West,14,27.29,382.06,5,5.0
ORD-1053,2025-06-17, Online,North,9,22.73,204.57,3,pending
ORD-1054,2025-06-25,Retail,South,11,21.72,238.92,2,5.0
ORD-1055,2025-07-08,Partner,East,12,28.69,344.28,4,5.0
ORD-1056,2025-07-17,Online,West,17,31.35,532.95,3,10.0
ORD-1057,2025-07-25,Retail,North,13,27.79,361.27,3,0.0
